{"train_time": 1841.024115562439, "test_auc": 0.6438589440787406, "test_time": 0.9356589317321777}